Q1A_1;1;Täysin samaa mieltä;2;Jokseenkin samaa mieltä;3;Vaikea sanoa;4;Jokseenkin eri mieltä;5;Täysin eri mieltä
Q1A_2;1;Täysin samaa mieltä;2;Jokseenkin samaa mieltä;3;Vaikea sanoa;4;Jokseenkin eri mieltä;5;Täysin eri mieltä
Q1A_3;1;Täysin samaa mieltä;2;Jokseenkin samaa mieltä;3;Vaikea sanoa;4;Jokseenkin eri mieltä;5;Täysin eri mieltä
Q1A_4;1;Täysin samaa mieltä;2;Jokseenkin samaa mieltä;3;Vaikea sanoa;4;Jokseenkin eri mieltä;5;Täysin eri mieltä
Q1A_5;1;Täysin samaa mieltä;2;Jokseenkin samaa mieltä;3;Vaikea sanoa;4;Jokseenkin eri mieltä;5;Täysin eri mieltä
Q1A_6;1;Täysin samaa mieltä;2;Jokseenkin samaa mieltä;3;Vaikea sanoa;4;Jokseenkin eri mieltä;5;Täysin eri mieltä
Q1A_7;1;Täysin samaa mieltä;2;Jokseenkin samaa mieltä;3;Vaikea sanoa;4;Jokseenkin eri mieltä;5;Täysin eri mieltä
Q1A_8;1;Täysin samaa mieltä;2;Jokseenkin samaa mieltä;3;Vaikea sanoa;4;Jokseenkin eri mieltä;5;Täysin eri mieltä
Q1A_9;1;Täysin samaa mieltä;2;Jokseenkin samaa mieltä;3;Vaikea sanoa;4;Jokseenkin eri mieltä;5;Täysin eri mieltä
Q1A_10;1;Täysin samaa mieltä;2;Jokseenkin samaa mieltä;3;Vaikea sanoa;4;Jokseenkin eri mieltä;5;Täysin eri mieltä
Q1A_11;1;Täysin samaa mieltä;2;Jokseenkin samaa mieltä;3;Vaikea sanoa;4;Jokseenkin eri mieltä;5;Täysin eri mieltä
Q1A_12;1;Täysin samaa mieltä;2;Jokseenkin samaa mieltä;3;Vaikea sanoa;4;Jokseenkin eri mieltä;5;Täysin eri mieltä
Q1A_13;1;Täysin samaa mieltä;2;Jokseenkin samaa mieltä;3;Vaikea sanoa;4;Jokseenkin eri mieltä;5;Täysin eri mieltä
Q1A_14;1;Täysin samaa mieltä;2;Jokseenkin samaa mieltä;3;Vaikea sanoa;4;Jokseenkin eri mieltä;5;Täysin eri mieltä
Q1A_15;1;Täysin samaa mieltä;2;Jokseenkin samaa mieltä;3;Vaikea sanoa;4;Jokseenkin eri mieltä;5;Täysin eri mieltä
Q1A_16;1;Täysin samaa mieltä;2;Jokseenkin samaa mieltä;3;Vaikea sanoa;4;Jokseenkin eri mieltä;5;Täysin eri mieltä
Q1A_17;1;Täysin samaa mieltä;2;Jokseenkin samaa mieltä;3;Vaikea sanoa;4;Jokseenkin eri mieltä;5;Täysin eri mieltä
Q1A_18;1;Täysin samaa mieltä;2;Jokseenkin samaa mieltä;3;Vaikea sanoa;4;Jokseenkin eri mieltä;5;Täysin eri mieltä
Q1B_1;1;Täysin samaa mieltä;2;Jokseenkin samaa mieltä;3;Vaikea sanoa;4;Jokseenkin eri mieltä;5;Täysin eri mieltä
Q1B_2;1;Täysin samaa mieltä;2;Jokseenkin samaa mieltä;3;Vaikea sanoa;4;Jokseenkin eri mieltä;5;Täysin eri mieltä
Q1B_3;1;Täysin samaa mieltä;2;Jokseenkin samaa mieltä;3;Vaikea sanoa;4;Jokseenkin eri mieltä;5;Täysin eri mieltä
Q1B_4;1;Täysin samaa mieltä;2;Jokseenkin samaa mieltä;3;Vaikea sanoa;4;Jokseenkin eri mieltä;5;Täysin eri mieltä
Q1B_5;1;Täysin samaa mieltä;2;Jokseenkin samaa mieltä;3;Vaikea sanoa;4;Jokseenkin eri mieltä;5;Täysin eri mieltä
Q1B_6;1;Täysin samaa mieltä;2;Jokseenkin samaa mieltä;3;Vaikea sanoa;4;Jokseenkin eri mieltä;5;Täysin eri mieltä
Q1B_7;1;Täysin samaa mieltä;2;Jokseenkin samaa mieltä;3;Vaikea sanoa;4;Jokseenkin eri mieltä;5;Täysin eri mieltä
Q1B_8;1;Täysin samaa mieltä;2;Jokseenkin samaa mieltä;3;Vaikea sanoa;4;Jokseenkin eri mieltä;5;Täysin eri mieltä
Q1B_9;1;Täysin samaa mieltä;2;Jokseenkin samaa mieltä;3;Vaikea sanoa;4;Jokseenkin eri mieltä;5;Täysin eri mieltä
Q1B_10;1;Täysin samaa mieltä;2;Jokseenkin samaa mieltä;3;Vaikea sanoa;4;Jokseenkin eri mieltä;5;Täysin eri mieltä
Q1B_11;1;Täysin samaa mieltä;2;Jokseenkin samaa mieltä;3;Vaikea sanoa;4;Jokseenkin eri mieltä;5;Täysin eri mieltä
Q1B_12;1;Täysin samaa mieltä;2;Jokseenkin samaa mieltä;3;Vaikea sanoa;4;Jokseenkin eri mieltä;5;Täysin eri mieltä
Q1B_13;1;Täysin samaa mieltä;2;Jokseenkin samaa mieltä;3;Vaikea sanoa;4;Jokseenkin eri mieltä;5;Täysin eri mieltä
Q1B_14;1;Täysin samaa mieltä;2;Jokseenkin samaa mieltä;3;Vaikea sanoa;4;Jokseenkin eri mieltä;5;Täysin eri mieltä
Q1B_15;1;Täysin samaa mieltä;2;Jokseenkin samaa mieltä;3;Vaikea sanoa;4;Jokseenkin eri mieltä;5;Täysin eri mieltä
Q1B_16;1;Täysin samaa mieltä;2;Jokseenkin samaa mieltä;3;Vaikea sanoa;4;Jokseenkin eri mieltä;5;Täysin eri mieltä
Q1B_17;1;Täysin samaa mieltä;2;Jokseenkin samaa mieltä;3;Vaikea sanoa;4;Jokseenkin eri mieltä;5;Täysin eri mieltä
Q1B_18;1;Täysin samaa mieltä;2;Jokseenkin samaa mieltä;3;Vaikea sanoa;4;Jokseenkin eri mieltä;5;Täysin eri mieltä
Q1B_19;1;Täysin samaa mieltä;2;Jokseenkin samaa mieltä;3;Vaikea sanoa;4;Jokseenkin eri mieltä;5;Täysin eri mieltä
Q1B_20;1;Täysin samaa mieltä;2;Jokseenkin samaa mieltä;3;Vaikea sanoa;4;Jokseenkin eri mieltä;5;Täysin eri mieltä
Q1C_1;1;Täysin samaa mieltä;2;Jokseenkin samaa mieltä;3;Vaikea sanoa;4;Jokseenkin eri mieltä;5;Täysin eri mieltä
Q1C_2;1;Täysin samaa mieltä;2;Jokseenkin samaa mieltä;3;Vaikea sanoa;4;Jokseenkin eri mieltä;5;Täysin eri mieltä
Q1C_3;1;Täysin samaa mieltä;2;Jokseenkin samaa mieltä;3;Vaikea sanoa;4;Jokseenkin eri mieltä;5;Täysin eri mieltä
Q1C_4;1;Täysin samaa mieltä;2;Jokseenkin samaa mieltä;3;Vaikea sanoa;4;Jokseenkin eri mieltä;5;Täysin eri mieltä
Q1C_5;1;Täysin samaa mieltä;2;Jokseenkin samaa mieltä;3;Vaikea sanoa;4;Jokseenkin eri mieltä;5;Täysin eri mieltä
Q1C_6;1;Täysin samaa mieltä;2;Jokseenkin samaa mieltä;3;Vaikea sanoa;4;Jokseenkin eri mieltä;5;Täysin eri mieltä
Q1C_7;1;Täysin samaa mieltä;2;Jokseenkin samaa mieltä;3;Vaikea sanoa;4;Jokseenkin eri mieltä;5;Täysin eri mieltä
Q1C_8;1;Täysin samaa mieltä;2;Jokseenkin samaa mieltä;3;Vaikea sanoa;4;Jokseenkin eri mieltä;5;Täysin eri mieltä
Q1C_9;1;Täysin samaa mieltä;2;Jokseenkin samaa mieltä;3;Vaikea sanoa;4;Jokseenkin eri mieltä;5;Täysin eri mieltä
Q1C_10;1;Täysin samaa mieltä;2;Jokseenkin samaa mieltä;3;Vaikea sanoa;4;Jokseenkin eri mieltä;5;Täysin eri mieltä
Q1C_11;1;Täysin samaa mieltä;2;Jokseenkin samaa mieltä;3;Vaikea sanoa;4;Jokseenkin eri mieltä;5;Täysin eri mieltä
Q1C_12;1;Täysin samaa mieltä;2;Jokseenkin samaa mieltä;3;Vaikea sanoa;4;Jokseenkin eri mieltä;5;Täysin eri mieltä
Q1C_13;1;Täysin samaa mieltä;2;Jokseenkin samaa mieltä;3;Vaikea sanoa;4;Jokseenkin eri mieltä;5;Täysin eri mieltä
Q1C_14;1;Täysin samaa mieltä;2;Jokseenkin samaa mieltä;3;Vaikea sanoa;4;Jokseenkin eri mieltä;5;Täysin eri mieltä
Q1C_15;1;Täysin samaa mieltä;2;Jokseenkin samaa mieltä;3;Vaikea sanoa;4;Jokseenkin eri mieltä;5;Täysin eri mieltä
Q1C_16;1;Täysin samaa mieltä;2;Jokseenkin samaa mieltä;3;Vaikea sanoa;4;Jokseenkin eri mieltä;5;Täysin eri mieltä
Q1C_17;1;Täysin samaa mieltä;2;Jokseenkin samaa mieltä;3;Vaikea sanoa;4;Jokseenkin eri mieltä;5;Täysin eri mieltä
Q1C_18;1;Täysin samaa mieltä;2;Jokseenkin samaa mieltä;3;Vaikea sanoa;4;Jokseenkin eri mieltä;5;Täysin eri mieltä
Q1C_19;1;Täysin samaa mieltä;2;Jokseenkin samaa mieltä;3;Vaikea sanoa;4;Jokseenkin eri mieltä;5;Täysin eri mieltä
Q1C_20;1;Täysin samaa mieltä;2;Jokseenkin samaa mieltä;3;Vaikea sanoa;4;Jokseenkin eri mieltä;5;Täysin eri mieltä
Q2A;1;Ei yhtään;2;Yksi;3;Kaksi;4;Kolme tai enemmän;5;En osaa/halua sanoa
Q2B;1;En yhtään;2;Yhden;3;Kaksi;4;Kolme tai enemmän;5;En osaa/halua sanoa
Q2C;1;Kyllä;2;Ei;3;En osaa/halua sanoa
Q2D;1;Melko paljon;2;Jonkin verran;3;Vain hieman;4;Ei juuri lainkaan;5;Asialla ei ole merkitystä;6;En osaa sanoa
Q2E;1;Peruskoulu;2;Toinen aste (lukio tai ammatillinen koulutus);3;Korkea-aste (opisto, ammattikorkeakoulu, yliopisto);4;Koulutustasolla ei ole väliä;5;En osaa sanoa
Q3_1;1;Erittäin paljon;2;Melko paljon;3;Melko vähän;4;Erittäin vähän/ei lainkaan;5;En osaa/halua sanoa
Q3_2;1;Erittäin paljon;2;Melko paljon;3;Melko vähän;4;Erittäin vähän/ei lainkaan;5;En osaa/halua sanoa
Q3_3;1;Erittäin paljon;2;Melko paljon;3;Melko vähän;4;Erittäin vähän/ei lainkaan;5;En osaa/halua sanoa
Q3_4;1;Erittäin paljon;2;Melko paljon;3;Melko vähän;4;Erittäin vähän/ei lainkaan;5;En osaa/halua sanoa
Q3_5;1;Erittäin paljon;2;Melko paljon;3;Melko vähän;4;Erittäin vähän/ei lainkaan;5;En osaa/halua sanoa
Q3_6;1;Erittäin paljon;2;Melko paljon;3;Melko vähän;4;Erittäin vähän/ei lainkaan;5;En osaa/halua sanoa
Q3_7;1;Erittäin paljon;2;Melko paljon;3;Melko vähän;4;Erittäin vähän/ei lainkaan;5;En osaa/halua sanoa
Q3_8;1;Erittäin paljon;2;Melko paljon;3;Melko vähän;4;Erittäin vähän/ei lainkaan;5;En osaa/halua sanoa
Q3_9;1;Erittäin paljon;2;Melko paljon;3;Melko vähän;4;Erittäin vähän/ei lainkaan;5;En osaa/halua sanoa
Q4A_1;1;Hyvin tärkeä;2;Melko tärkeä;3;Ei kovin tärkeä;4;Ei lainkaan tärkeä;5;En osaa sanoa
Q4A_2;1;Hyvin tärkeä;2;Melko tärkeä;3;Ei kovin tärkeä;4;Ei lainkaan tärkeä;5;En osaa sanoa
Q4A_3;1;Hyvin tärkeä;2;Melko tärkeä;3;Ei kovin tärkeä;4;Ei lainkaan tärkeä;5;En osaa sanoa
Q4B_1;1;Hyvin tärkeä;2;Melko tärkeä;3;Ei kovin tärkeä;4;Ei lainkaan tärkeä;5;En osaa sanoa
Q4B_2;1;Hyvin tärkeä;2;Melko tärkeä;3;Ei kovin tärkeä;4;Ei lainkaan tärkeä;5;En osaa sanoa
Q4B_3;1;Hyvin tärkeä;2;Melko tärkeä;3;Ei kovin tärkeä;4;Ei lainkaan tärkeä;5;En osaa sanoa
Q4C;1;Ei lainkaan tärkeitä;7;Erittäin tärkeitä
Q4D;1;Ei lainkaan tärkeitä;7;Erittäin tärkeitä
Q5_1;1;Tuntuvasti korottaa;2;Hieman korottaa;3;Pitää nykyisellään;4;Hieman alentaa;5;Tuntuvasti alentaa;6;En osaa sanoa
Q5_2;1;Tuntuvasti korottaa;2;Hieman korottaa;3;Pitää nykyisellään;4;Hieman alentaa;5;Tuntuvasti alentaa;6;En osaa sanoa
Q5_3;1;Tuntuvasti korottaa;2;Hieman korottaa;3;Pitää nykyisellään;4;Hieman alentaa;5;Tuntuvasti alentaa;6;En osaa sanoa
Q5_4;1;Tuntuvasti korottaa;2;Hieman korottaa;3;Pitää nykyisellään;4;Hieman alentaa;5;Tuntuvasti alentaa;6;En osaa sanoa
Q5_5;1;Tuntuvasti korottaa;2;Hieman korottaa;3;Pitää nykyisellään;4;Hieman alentaa;5;Tuntuvasti alentaa;6;En osaa sanoa
Q5_6;1;Tuntuvasti korottaa;2;Hieman korottaa;3;Pitää nykyisellään;4;Hieman alentaa;5;Tuntuvasti alentaa;6;En osaa sanoa
Q5_7;1;Tuntuvasti korottaa;2;Hieman korottaa;3;Pitää nykyisellään;4;Hieman alentaa;5;Tuntuvasti alentaa;6;En osaa sanoa
Q5_8;1;Tuntuvasti korottaa;2;Hieman korottaa;3;Pitää nykyisellään;4;Hieman alentaa;5;Tuntuvasti alentaa;6;En osaa sanoa
Q5_9;1;Tuntuvasti korottaa;2;Hieman korottaa;3;Pitää nykyisellään;4;Hieman alentaa;5;Tuntuvasti alentaa;6;En osaa sanoa
Q5_10;1;Tuntuvasti korottaa;2;Hieman korottaa;3;Pitää nykyisellään;4;Hieman alentaa;5;Tuntuvasti alentaa;6;En osaa sanoa
Q6_1;1;Hyvin todennäköistä;2;Melko todennäköistä;3;Melko epätodennäköistä;4;Hyvin epätodennäköistä;5;En osaa sanoa
Q6_2;1;Hyvin todennäköistä;2;Melko todennäköistä;3;Melko epätodennäköistä;4;Hyvin epätodennäköistä;5;En osaa sanoa
Q6_3;1;Hyvin todennäköistä;2;Melko todennäköistä;3;Melko epätodennäköistä;4;Hyvin epätodennäköistä;5;En osaa sanoa
Q6_4;1;Hyvin todennäköistä;2;Melko todennäköistä;3;Melko epätodennäköistä;4;Hyvin epätodennäköistä;5;En osaa sanoa
Q6_5;1;Hyvin todennäköistä;2;Melko todennäköistä;3;Melko epätodennäköistä;4;Hyvin epätodennäköistä;5;En osaa sanoa
Q6_6;1;Hyvin todennäköistä;2;Melko todennäköistä;3;Melko epätodennäköistä;4;Hyvin epätodennäköistä;5;En osaa sanoa
Q6_7;1;Hyvin todennäköistä;2;Melko todennäköistä;3;Melko epätodennäköistä;4;Hyvin epätodennäköistä;5;En osaa sanoa
Q6_8;1;Hyvin todennäköistä;2;Melko todennäköistä;3;Melko epätodennäköistä;4;Hyvin epätodennäköistä;5;En osaa sanoa
Q6_9;1;Hyvin todennäköistä;2;Melko todennäköistä;3;Melko epätodennäköistä;4;Hyvin epätodennäköistä;5;En osaa sanoa
Q6_10;1;Hyvin todennäköistä;2;Melko todennäköistä;3;Melko epätodennäköistä;4;Hyvin epätodennäköistä;5;En osaa sanoa
Q6_11;1;Hyvin todennäköistä;2;Melko todennäköistä;3;Melko epätodennäköistä;4;Hyvin epätodennäköistä;5;En osaa sanoa
Q6_12;1;Hyvin todennäköistä;2;Melko todennäköistä;3;Melko epätodennäköistä;4;Hyvin epätodennäköistä;5;En osaa sanoa
Q7_1;1;Erittäin myönteisesti;2;Melko myönteisesti;3;Melko kielteisesti;4;Erittäin kielteisesti;5;En osaa sanoa
Q7_2;1;Erittäin myönteisesti;2;Melko myönteisesti;3;Melko kielteisesti;4;Erittäin kielteisesti;5;En osaa sanoa
Q7_3;1;Erittäin myönteisesti;2;Melko myönteisesti;3;Melko kielteisesti;4;Erittäin kielteisesti;5;En osaa sanoa
Q7_4;1;Erittäin myönteisesti;2;Melko myönteisesti;3;Melko kielteisesti;4;Erittäin kielteisesti;5;En osaa sanoa
Q7_5;1;Erittäin myönteisesti;2;Melko myönteisesti;3;Melko kielteisesti;4;Erittäin kielteisesti;5;En osaa sanoa
Q7_6;1;Erittäin myönteisesti;2;Melko myönteisesti;3;Melko kielteisesti;4;Erittäin kielteisesti;5;En osaa sanoa
Q7_7;1;Erittäin myönteisesti;2;Melko myönteisesti;3;Melko kielteisesti;4;Erittäin kielteisesti;5;En osaa sanoa
Q8A;1;Hyväksyn täysin;2;Hyväksyn jossain määrin;3;En hyväksy enkä tuomitse;4;Tuomitsen jossain määrin;5;Tuomitsen täysin;6;En osaa sanoa
Q8B_1;1;Hyvin suurta haittaa;2;Melko suurta haittaa;3;Melko pientä haittaa;4;Ei lainkaan haittaa;5;En osaa sanoa
Q8B_2;1;Hyvin suurta haittaa;2;Melko suurta haittaa;3;Melko pientä haittaa;4;Ei lainkaan haittaa;5;En osaa sanoa
Q8B_3;1;Hyvin suurta haittaa;2;Melko suurta haittaa;3;Melko pientä haittaa;4;Ei lainkaan haittaa;5;En osaa sanoa
Q8B_4;1;Hyvin suurta haittaa;2;Melko suurta haittaa;3;Melko pientä haittaa;4;Ei lainkaan haittaa;5;En osaa sanoa
Q8C_1;1;Hyvin suurta haittaa;2;Melko suurta haittaa;3;Melko pientä haittaa;4;Ei lainkaan haittaa;5;En osaa sanoa
Q8C_2;1;Hyvin suurta haittaa;2;Melko suurta haittaa;3;Melko pientä haittaa;4;Ei lainkaan haittaa;5;En osaa sanoa
Q8C_3;1;Hyvin suurta haittaa;2;Melko suurta haittaa;3;Melko pientä haittaa;4;Ei lainkaan haittaa;5;En osaa sanoa
Q8C_4;1;Hyvin suurta haittaa;2;Melko suurta haittaa;3;Melko pientä haittaa;4;Ei lainkaan haittaa;5;En osaa sanoa
Q9_1;1;Täysin samaa mieltä;2;Jokseenkin samaa mieltä;3;Vaikea sanoa;4;Jokseenkin eri mieltä;5;Täysin eri mieltä
Q9_2;1;Täysin samaa mieltä;2;Jokseenkin samaa mieltä;3;Vaikea sanoa;4;Jokseenkin eri mieltä;5;Täysin eri mieltä
Q9_3;1;Täysin samaa mieltä;2;Jokseenkin samaa mieltä;3;Vaikea sanoa;4;Jokseenkin eri mieltä;5;Täysin eri mieltä
Q9_4;1;Täysin samaa mieltä;2;Jokseenkin samaa mieltä;3;Vaikea sanoa;4;Jokseenkin eri mieltä;5;Täysin eri mieltä
Q9_5;1;Täysin samaa mieltä;2;Jokseenkin samaa mieltä;3;Vaikea sanoa;4;Jokseenkin eri mieltä;5;Täysin eri mieltä
Q9_6;1;Täysin samaa mieltä;2;Jokseenkin samaa mieltä;3;Vaikea sanoa;4;Jokseenkin eri mieltä;5;Täysin eri mieltä
Q9_7;1;Täysin samaa mieltä;2;Jokseenkin samaa mieltä;3;Vaikea sanoa;4;Jokseenkin eri mieltä;5;Täysin eri mieltä
Q9_8;1;Täysin samaa mieltä;2;Jokseenkin samaa mieltä;3;Vaikea sanoa;4;Jokseenkin eri mieltä;5;Täysin eri mieltä
Q9_9;1;Täysin samaa mieltä;2;Jokseenkin samaa mieltä;3;Vaikea sanoa;4;Jokseenkin eri mieltä;5;Täysin eri mieltä
Q9_10;1;Täysin samaa mieltä;2;Jokseenkin samaa mieltä;3;Vaikea sanoa;4;Jokseenkin eri mieltä;5;Täysin eri mieltä
Q9_11;1;Täysin samaa mieltä;2;Jokseenkin samaa mieltä;3;Vaikea sanoa;4;Jokseenkin eri mieltä;5;Täysin eri mieltä
Q9_12;1;Täysin samaa mieltä;2;Jokseenkin samaa mieltä;3;Vaikea sanoa;4;Jokseenkin eri mieltä;5;Täysin eri mieltä
Q9_13;1;Täysin samaa mieltä;2;Jokseenkin samaa mieltä;3;Vaikea sanoa;4;Jokseenkin eri mieltä;5;Täysin eri mieltä
Q9_14;1;Täysin samaa mieltä;2;Jokseenkin samaa mieltä;3;Vaikea sanoa;4;Jokseenkin eri mieltä;5;Täysin eri mieltä
Q9_15;1;Täysin samaa mieltä;2;Jokseenkin samaa mieltä;3;Vaikea sanoa;4;Jokseenkin eri mieltä;5;Täysin eri mieltä
Q9_16;1;Täysin samaa mieltä;2;Jokseenkin samaa mieltä;3;Vaikea sanoa;4;Jokseenkin eri mieltä;5;Täysin eri mieltä
Q10;1;Työajalla ei pidä protestoida lainkaan;2;10–15 minuuttia;3;2 tuntia;4;1 vuorokausi;5;2–3 vuorokautta;6;Viikko tai enemmän;7;Protestin kestoa ei pidä rajoittaa lainkaan;8;En osaa sanoa
Q11;1;Äänestän varmuudella;2;Äänestän todennäköisesti;3;En todennäköisesti äänestä;4;En varmuudella äänestä;5;En osaa sanoa
Q12_1;1;Paljon enemmän;2;Hieman enemmän;3;Kuten nykyisin;4;Hieman vähemmän;5;Paljon vähemmän;6;En osaa sanoa
Q12_2;1;Paljon enemmän;2;Hieman enemmän;3;Kuten nykyisin;4;Hieman vähemmän;5;Paljon vähemmän;6;En osaa sanoa
Q12_3;1;Paljon enemmän;2;Hieman enemmän;3;Kuten nykyisin;4;Hieman vähemmän;5;Paljon vähemmän;6;En osaa sanoa
Q12_4;1;Paljon enemmän;2;Hieman enemmän;3;Kuten nykyisin;4;Hieman vähemmän;5;Paljon vähemmän;6;En osaa sanoa
Q12_5;1;Paljon enemmän;2;Hieman enemmän;3;Kuten nykyisin;4;Hieman vähemmän;5;Paljon vähemmän;6;En osaa sanoa
Q12_6;1;Paljon enemmän;2;Hieman enemmän;3;Kuten nykyisin;4;Hieman vähemmän;5;Paljon vähemmän;6;En osaa sanoa
Q12_7;1;Paljon enemmän;2;Hieman enemmän;3;Kuten nykyisin;4;Hieman vähemmän;5;Paljon vähemmän;6;En osaa sanoa
Q12_8;1;Paljon enemmän;2;Hieman enemmän;3;Kuten nykyisin;4;Hieman vähemmän;5;Paljon vähemmän;6;En osaa sanoa
Q12_9;1;Paljon enemmän;2;Hieman enemmän;3;Kuten nykyisin;4;Hieman vähemmän;5;Paljon vähemmän;6;En osaa sanoa
Q12_10;1;Paljon enemmän;2;Hieman enemmän;3;Kuten nykyisin;4;Hieman vähemmän;5;Paljon vähemmän;6;En osaa sanoa
Q12_11;1;Paljon enemmän;2;Hieman enemmän;3;Kuten nykyisin;4;Hieman vähemmän;5;Paljon vähemmän;6;En osaa sanoa
Q12_12;1;Paljon enemmän;2;Hieman enemmän;3;Kuten nykyisin;4;Hieman vähemmän;5;Paljon vähemmän;6;En osaa sanoa
Q12_13;1;Paljon enemmän;2;Hieman enemmän;3;Kuten nykyisin;4;Hieman vähemmän;5;Paljon vähemmän;6;En osaa sanoa
Q12_14;1;Paljon enemmän;2;Hieman enemmän;3;Kuten nykyisin;4;Hieman vähemmän;5;Paljon vähemmän;6;En osaa sanoa
Q12_15;1;Paljon enemmän;2;Hieman enemmän;3;Kuten nykyisin;4;Hieman vähemmän;5;Paljon vähemmän;6;En osaa sanoa
Q12_16;1;Paljon enemmän;2;Hieman enemmän;3;Kuten nykyisin;4;Hieman vähemmän;5;Paljon vähemmän;6;En osaa sanoa
Q12_17;1;Paljon enemmän;2;Hieman enemmän;3;Kuten nykyisin;4;Hieman vähemmän;5;Paljon vähemmän;6;En osaa sanoa
Q12_18;1;Paljon enemmän;2;Hieman enemmän;3;Kuten nykyisin;4;Hieman vähemmän;5;Paljon vähemmän;6;En osaa sanoa
Q12_19;1;Paljon enemmän;2;Hieman enemmän;3;Kuten nykyisin;4;Hieman vähemmän;5;Paljon vähemmän;6;En osaa sanoa
Q12_20;1;Paljon enemmän;2;Hieman enemmän;3;Kuten nykyisin;4;Hieman vähemmän;5;Paljon vähemmän;6;En osaa sanoa
Q12_21;1;Paljon enemmän;2;Hieman enemmän;3;Kuten nykyisin;4;Hieman vähemmän;5;Paljon vähemmän;6;En osaa sanoa
Q12_22;1;Paljon enemmän;2;Hieman enemmän;3;Kuten nykyisin;4;Hieman vähemmän;5;Paljon vähemmän;6;En osaa sanoa
Q12_23;1;Paljon enemmän;2;Hieman enemmän;3;Kuten nykyisin;4;Hieman vähemmän;5;Paljon vähemmän;6;En osaa sanoa
Q12_24;1;Paljon enemmän;2;Hieman enemmän;3;Kuten nykyisin;4;Hieman vähemmän;5;Paljon vähemmän;6;En osaa sanoa
Q12_25;1;Paljon enemmän;2;Hieman enemmän;3;Kuten nykyisin;4;Hieman vähemmän;5;Paljon vähemmän;6;En osaa sanoa
Q12_26;1;Paljon enemmän;2;Hieman enemmän;3;Kuten nykyisin;4;Hieman vähemmän;5;Paljon vähemmän;6;En osaa sanoa
Q13_1;1;Hyvin myönteisesti;2;Melko myönteisesti;3;Neutraalisti;4;Melko kielteisesti;5;Hyvin kielteisesti;6;En osaa sanoa
Q13_2;1;Hyvin myönteisesti;2;Melko myönteisesti;3;Neutraalisti;4;Melko kielteisesti;5;Hyvin kielteisesti;6;En osaa sanoa
Q13_3;1;Hyvin myönteisesti;2;Melko myönteisesti;3;Neutraalisti;4;Melko kielteisesti;5;Hyvin kielteisesti;6;En osaa sanoa
Q13_4;1;Hyvin myönteisesti;2;Melko myönteisesti;3;Neutraalisti;4;Melko kielteisesti;5;Hyvin kielteisesti;6;En osaa sanoa
Q13_5;1;Hyvin myönteisesti;2;Melko myönteisesti;3;Neutraalisti;4;Melko kielteisesti;5;Hyvin kielteisesti;6;En osaa sanoa
Q13_6;1;Hyvin myönteisesti;2;Melko myönteisesti;3;Neutraalisti;4;Melko kielteisesti;5;Hyvin kielteisesti;6;En osaa sanoa
Q14_1;1;Todennäköistä;2;Vaikea sanoa;3;Epätodennäköistä
Q14_2;1;Todennäköistä;2;Vaikea sanoa;3;Epätodennäköistä
Q14_3;1;Todennäköistä;2;Vaikea sanoa;3;Epätodennäköistä
Q14_4;1;Todennäköistä;2;Vaikea sanoa;3;Epätodennäköistä
Q14_5;1;Todennäköistä;2;Vaikea sanoa;3;Epätodennäköistä
Q14_6;1;Todennäköistä;2;Vaikea sanoa;3;Epätodennäköistä
Q14_7;1;Todennäköistä;2;Vaikea sanoa;3;Epätodennäköistä
Q14_8;1;Todennäköistä;2;Vaikea sanoa;3;Epätodennäköistä
Q14_9;1;Todennäköistä;2;Vaikea sanoa;3;Epätodennäköistä
Q14_10;1;Todennäköistä;2;Vaikea sanoa;3;Epätodennäköistä
Q14_11;1;Todennäköistä;2;Vaikea sanoa;3;Epätodennäköistä
Q14_12;1;Todennäköistä;2;Vaikea sanoa;3;Epätodennäköistä
Q14_13;1;Todennäköistä;2;Vaikea sanoa;3;Epätodennäköistä
Q14_14;1;Todennäköistä;2;Vaikea sanoa;3;Epätodennäköistä
Q14_15;1;Todennäköistä;2;Vaikea sanoa;3;Epätodennäköistä
Q14_16;1;Todennäköistä;2;Vaikea sanoa;3;Epätodennäköistä
Q15_1;1;Myönteisesti;2;Vaikea sanoa;3;Kielteisesti
Q15_2;1;Myönteisesti;2;Vaikea sanoa;3;Kielteisesti
Q15_3;1;Myönteisesti;2;Vaikea sanoa;3;Kielteisesti
Q15_4;1;Myönteisesti;2;Vaikea sanoa;3;Kielteisesti
Q15_5;1;Myönteisesti;2;Vaikea sanoa;3;Kielteisesti
Q15_6;1;Myönteisesti;2;Vaikea sanoa;3;Kielteisesti
Q15_7;1;Myönteisesti;2;Vaikea sanoa;3;Kielteisesti
Q15_8;1;Myönteisesti;2;Vaikea sanoa;3;Kielteisesti
Q15_9;1;Myönteisesti;2;Vaikea sanoa;3;Kielteisesti
Q15_10;1;Myönteisesti;2;Vaikea sanoa;3;Kielteisesti
Q15_11;1;Myönteisesti;2;Vaikea sanoa;3;Kielteisesti
Q15_12;1;Myönteisesti;2;Vaikea sanoa;3;Kielteisesti
Q15_13;1;Myönteisesti;2;Vaikea sanoa;3;Kielteisesti
Q15_14;1;Myönteisesti;2;Vaikea sanoa;3;Kielteisesti
Q15_15;1;Myönteisesti;2;Vaikea sanoa;3;Kielteisesti
Q15_16;1;Myönteisesti;2;Vaikea sanoa;3;Kielteisesti
Q15_17;1;Myönteisesti;2;Vaikea sanoa;3;Kielteisesti
Q16A;1;Erittäin myönteisesti;2;Melko myönteisesti;3;Neutraalisti;4;Melko kielteisesti;5;Erittäin kielteisesti;6;En osaa sanoa
Q16B;1;Erittäin myönteisesti;2;Melko myönteisesti;3;Neutraalisti;4;Melko kielteisesti;5;Erittäin kielteisesti;6;En osaa sanoa
Q16C;1;Erittäin myönteisesti;2;Melko myönteisesti;3;Neutraalisti;4;Melko kielteisesti;5;Erittäin kielteisesti;6;En osaa sanoa
Q16D;1;Paljon hyötyä;2;Jonkin verran hyötyä;3;Ei hyötyä eikä haittaa;4;Jonkin verran haittaa;5;Paljon haittaa;6;En osaa sanoa
Q17A;0;(Huonoin mahdollinen elämä);10;(Paras mahdollinen elämä)
Q17B;1;(Erittäin tyytymätön);10;(Erittäin tyytyväinen)
Q17C;1;(Selvästi huonompaan);7;(Selvästi parempaan)
Q17D;1;(Erittäin pessimistisesti ja pelokkaasti);7;(Erittäin optimistisesti ja toiveikkaasti)
Q17E;1;(Ei voi olla liian varovainen);10;(Suurimpaan osaan ihmisistä voi luottaa)
Q18_1;1;Täysin samaa mieltä;2;Jokseenkin samaa mieltä;3;En samaa enkä eri mieltä;4;Jokseenkin eri mieltä;5;Täysin eri mieltä
Q18_2;1;Täysin samaa mieltä;2;Jokseenkin samaa mieltä;3;En samaa enkä eri mieltä;4;Jokseenkin eri mieltä;5;Täysin eri mieltä
Q18_3;1;Täysin samaa mieltä;2;Jokseenkin samaa mieltä;3;En samaa enkä eri mieltä;4;Jokseenkin eri mieltä;5;Täysin eri mieltä
Q18_4;1;Täysin samaa mieltä;2;Jokseenkin samaa mieltä;3;En samaa enkä eri mieltä;4;Jokseenkin eri mieltä;5;Täysin eri mieltä
Q18_5;1;Täysin samaa mieltä;2;Jokseenkin samaa mieltä;3;En samaa enkä eri mieltä;4;Jokseenkin eri mieltä;5;Täysin eri mieltä
Q18_6;1;Täysin samaa mieltä;2;Jokseenkin samaa mieltä;3;En samaa enkä eri mieltä;4;Jokseenkin eri mieltä;5;Täysin eri mieltä
Q18_7;1;Täysin samaa mieltä;2;Jokseenkin samaa mieltä;3;En samaa enkä eri mieltä;4;Jokseenkin eri mieltä;5;Täysin eri mieltä
Q18_8;1;Täysin samaa mieltä;2;Jokseenkin samaa mieltä;3;En samaa enkä eri mieltä;4;Jokseenkin eri mieltä;5;Täysin eri mieltä
Q18_9;1;Täysin samaa mieltä;2;Jokseenkin samaa mieltä;3;En samaa enkä eri mieltä;4;Jokseenkin eri mieltä;5;Täysin eri mieltä
Q18_10;1;Täysin samaa mieltä;2;Jokseenkin samaa mieltä;3;En samaa enkä eri mieltä;4;Jokseenkin eri mieltä;5;Täysin eri mieltä
Q18_11;1;Täysin samaa mieltä;2;Jokseenkin samaa mieltä;3;En samaa enkä eri mieltä;4;Jokseenkin eri mieltä;5;Täysin eri mieltä
Q19_1;1;Erittäin paljon;2;Melko paljon;3;Jonkin verran;4;Vain vähän;5;En lainkaan
Q19_2;1;Erittäin paljon;2;Melko paljon;3;Jonkin verran;4;Vain vähän;5;En lainkaan
Q19_3;1;Erittäin paljon;2;Melko paljon;3;Jonkin verran;4;Vain vähän;5;En lainkaan
Q19_4;1;Erittäin paljon;2;Melko paljon;3;Jonkin verran;4;Vain vähän;5;En lainkaan
Q19_5;1;Erittäin paljon;2;Melko paljon;3;Jonkin verran;4;Vain vähän;5;En lainkaan
Q19_6;1;Erittäin paljon;2;Melko paljon;3;Jonkin verran;4;Vain vähän;5;En lainkaan
Q20;1;(Mahdollisimman konservatiivinen);10;(Mahdollisimman liberaali)
T1;1;Mies;2;Nainen;3;Muu
T2;1;18-25 vuotta;2;26-35 vuotta;3;36-45 vuotta;4;46-55 vuotta;5;56-65 vuotta;6;Yli 65 vuotta
T2B;1;Asun kotona vanhempien luona;2;Asun yksin;3;Asun kaksin puolison/kumppanin kanssa;4;Asun puolison/kumppanin ja lasten kanssa;5;Olen yksinhuoltaja;6;Muu (esim. yhteisasuminen);7;En halua sanoa
T3;1;Alle 4000 asukasta;2;4000-8000 asukasta;3;8000-30 000 asukasta;4;30 000-80 000 asukasta;5;Yli 80 000 asukasta
T4;1;Uusimaa;2;Varsinais-Suomi;3;Satakunta;4;Kanta-Häme;5;Pirkanmaa;6;Päijät-Häme;7;Kymenlaakso;8;Etelä-Karjala;9;Etelä-Savo;10;Pohjois-Savo;11;Pohjois-Karjala;12;Keski-Suomi;13;Etelä-Pohjanmaa;14;Pohjanmaa (Vaasan rann.);15;Keski-Pohjanmaa;16;Pohjois-Pohjanmaa;17;Kainuu;18;Lappi
T5;1;Valtio;2;Kunta tai kuntayhtymä;3;Julkisomisteinen yritys;4;Yksityinen (tai oma) yritys;5;Järjestö tai yhdistys;6;Jokin muu työnantaja;7;En ole ollut mukana työelämässä
T5B;1;Kyllä;2;En
T6;1;Kokopäivätyössä;2;Puolipäivätyössä;3;Osa-aikatyössä;4;Muu työaikamuoto
T7;1;Vakituinen;2;Määräaikainen
T8;1;Kansakoulu;2;Keski- tai peruskoulu;3;Ylioppilastutkinto
T9;1;Ei ammatillista koulutusta;2;Ammattikurssi, muu lyhyt ammattikoulutus;3;Ammattikoulu;4;Opistotasoinen ammattikoulutus;5;Ammattikorkeakoulututkinto;6;Yliopisto- tai korkeakoulututkinto
T10;1;Johtavassa asemassa toisen palveluksessa;2;Ylempi toimihenkilö;3;Alempi toimihenkilö;4;Työntekijä;5;Yrittäjä tai yksityinen ammatinharjoittaja;6;Maatalousyrittäjä;7;Opiskelija;8;Eläkeläinen;9;Kotiäiti/koti-isä;10;Työtön;11;Muu
T11;1;Maa- ja metsätalous;2;Teollisuus ja rakennustoiminta;3;Yksityiset palvelut;4;Julkiset palvelut;5;En ole ollut mukana työelämässä
T12;1;En kuulu;2;Kyllä
T12B;1;SAK;2;STTK;3;Akava;4;MTK
T13;1;Kokoomus;2;Perussuomalaiset;3;SDP;4;Keskusta;5;Vihreät;6;Vasemmistoliitto;7;RKP;8;Kristillisdemokraatit;9;Liike Nyt;10;Jokin muu puolue tai ryhmittymä;11;En äänestäisi lainkaan;12;En osaa sanoa;13;En halua sanoa
T14;1;Työväenluokkaan;2;Alempaan keskiluokkaan;3;Keskiluokkaan;4;Ylempään keskiluokkaan;5;Yläluokkaan;6;En katso kuuluvani mihinkään luokkaan
T15;1;Suomi;2;Ruotsi;3;Muu
T16;1;Kyllä;2;En
bv1;1;Alle 10.000 euroa/v;2;10.000-20.000 euroa/v;3;20.001-30.000 euroa/v;4;30.001-40.000 euroa/v;5;40.001-50.000 euroa/v;6;50.001-60.000 euroa/v;7;60.001-70.000 euroa/v;8;70.001-80.000 euroa/v;9;80.001-90.000 euroa/v;10;Yli 90.000 euroa/v;11;En halua vastata;12;En osaa sanoa
